area,stock,piece,qty,length_in,length,note
foundation,4x6 PT,Skid,2,156.0,"13'-0""","6"" x 2.5"" chamfer both ends; tow hole"
floor,2x6 PT,Floor joist,4,42.0,"3'-6""",
floor,2x6 PT,Rim joist,4,72.0,"6'-0""",
deck,2x4 PT,Deck joist,5,42.0,"3'-6""",
deck,2x4 PT,Deck joist,1,41.0,"3'-5""",
deck,2x4 PT,Deck rim,4,68.5,"5'-8 1/2""",
deck,4x4 PT,Knee brace,2,34.0,"2'-10""",45 deg both ends
deck,4x4 PT,Post,1,95.875,"7'-11 7/8""","bear on skid; galv. post base + (2) 1/2"" through-bolts to rim"
deck,4x4 PT,Post,1,84.75,"7'-3/4""","bear on skid; galv. post base + (2) 1/2"" through-bolts to rim"
deck,5/4x6 PT,Deck board,2,72.0,"6'-0""",notch at post
deck,5/4x6 PT,Deck board,6,72.0,"6'-0""",
deck,5/4x6 PT,Deck board,1,72.0,"6'-0""",rip to width; notch at post
bench,2x4,Bench front rail,1,41.0,"3'-5""",
bench,2x4,Bench joist,2,36.0,"3'-0""",
bench,2x4,Bench side ledger,2,36.0,"3'-0""",
bench,4x6 PT,Bench header,1,41.0,"3'-5""",hang from doubled corner studs w/ face-mount hangers
wall,2x4,Blocking,3,22.5,"1'-10 1/2""",
wall,2x4,Blocking,5,21.75,"1'-9 3/4""",
wall,2x4,Blocking,6,20.25,"1'-8 1/4""",
wall,2x4,Blocking,3,18.125,"1'-6 1/8""",
wall,2x4,Blocking,2,15.625,"1'-3 5/8""",
wall,2x4,Blocking,2,14.75,"1'-2 3/4""",
wall,2x4,Blocking,3,3.125,"3 1/8""",
wall,2x4,Blocking,6,2.5,"2 1/2""",
wall,2x4,Blocking,2,1.375,"1 3/8""",
wall,2x4,Cripple stud,1,53.0,"4'-5""",
wall,2x4,Cripple stud,1,7.125,"7 1/8""",
wall,2x4,Cripple stud,1,1.125,"1 1/8""",
wall,2x4,Header,2,21.5,"1'-9 1/2""",
wall,2x4,Jack stud,2,82.0,"6'-10""",
wall,2x4,Jack stud,2,74.5,"6'-2 1/2""",
wall,2x4,King stud,1,90.25,"7'-6 1/4""",
wall,2x4,King stud,2,86.625,"7'-2 5/8""",
wall,2x4,King stud,1,82.375,"6'-10 3/8""",
wall,2x4,Rough sill,1,18.5,"1'-6 1/2""",
wall,2x4,Stud,1,91.25,"7'-7 1/4""",
wall,2x4,Stud,4,86.625,"7'-2 5/8""",
wall,2x4,Stud,1,81.375,"6'-9 3/8""",
wall,2x4,Stud,5,75.5,"6'-3 1/2""",
wall,2x4,Stud,1,74.25,"6'-2 1/4""",
wall,2x4,Stud,1,70.125,"5'-10 1/8""",
wall,2x4,Stud,1,64.375,"5'-4 3/8""",
wall,2x4,Top plate,2,72.0,"6'-0""",
wall,2x4,Top plate,2,42.25,"3'-6 1/4""",3:12 slope
wall,2x4 PT,Bottom plate,2,72.0,"6'-0""",
wall,2x4 PT,Bottom plate,1,41.0,"3'-5""",
wall,2x4 PT,Bottom plate,2,7.0,"7""",
wall,2x6,Header,2,30.0,"2'-6""",
roof,1x6 rough-sawn,Barge board,2,76.25,"6'-4 1/4""",
roof,1x6 rough-sawn,Fascia,2,160.0,"13'-4""",
roof,2x4,Purlin,4,160.0,"13'-4""",
roof,2x6,Frieze block,6,22.0,"1'-10""",
roof,2x6,Rafter,7,74.25,"6'-2 1/4""","3:12, birdsmouth both beams, plumb-cut tails"
roof,4x6,Beam,2,144.0,"12'-0""",
siding,1x10 rough-sawn,Siding board,1,102.5,"8'-6 1/2""",
siding,1x10 rough-sawn,Siding board,7,100.875,"8'-4 7/8""",
siding,1x10 rough-sawn,Siding board,1,100.5,"8'-4 1/2""",
siding,1x10 rough-sawn,Siding board,1,92.875,"7'-8 7/8""",
siding,1x10 rough-sawn,Siding board,1,92.0,"7'-8""",
siding,1x10 rough-sawn,Siding board,8,88.625,"7'-4 5/8""",
siding,1x10 rough-sawn,Siding board,1,88.25,"7'-4 1/4""",
siding,1x10 rough-sawn,Siding board,1,86.25,"7'-2 1/4""",
siding,1x10 rough-sawn,Siding board,1,84.125,"7'-1/8""",
siding,1x10 rough-sawn,Siding board,1,82.0,"6'-10""",
siding,1x10 rough-sawn,Siding board,1,79.875,"6'-7 7/8""",
siding,1x10 rough-sawn,Siding board,1,77.75,"6'-5 3/4""",
siding,1x10 rough-sawn,Siding board,3,61.75,"5'-1 3/4""",
siding,1x10 rough-sawn,Siding board,1,22.125,"1'-10 1/8""",
siding,1x10 rough-sawn,Siding board,1,20.875,"1'-8 7/8""",
siding,1x10 rough-sawn,Siding board,1,18.75,"1'-6 3/4""",
siding,1x10 rough-sawn,Siding board,1,16.625,"1'-4 5/8""",
siding,1x10 rough-sawn,Siding board,3,11.625,"11 5/8""",
siding,1x10 rough-sawn,Siding board,4,1.5,"1 1/2""",
siding,1x3 rough-sawn,Batten,7,100.875,"8'-4 7/8""",
siding,1x3 rough-sawn,Batten,1,92.0,"7'-8""",
siding,1x3 rough-sawn,Batten,9,88.625,"7'-4 5/8""",
siding,1x3 rough-sawn,Batten,1,86.625,"7'-2 5/8""",
siding,1x3 rough-sawn,Batten,1,84.5,"7'-1/2""",
siding,1x3 rough-sawn,Batten,1,82.375,"6'-10 3/8""",
siding,1x3 rough-sawn,Batten,1,80.25,"6'-8 1/4""",
siding,1x3 rough-sawn,Batten,1,78.125,"6'-6 1/8""",
siding,1x3 rough-sawn,Batten,5,56.75,"4'-8 3/4""",
siding,1x3 rough-sawn,Batten,1,19.5,"1'-7 1/2""",
siding,1x3 rough-sawn,Batten,1,17.75,"1'-5 3/4""",
siding,1x3 rough-sawn,Batten,1,15.625,"1'-3 5/8""",
siding,1x3 rough-sawn,Batten,1,13.5,"1'-1 1/2""",
siding,1x3 rough-sawn,Batten,1,11.375,"11 3/8""",
siding,1x3 rough-sawn,Batten,5,8.125,"8 1/8""",
siding,1x3 rough-sawn,Batten,5,1.5,"1 1/2""",
siding,1x4 rough-sawn,Apron,1,25.5,"2'-1 1/2""",
siding,1x4 rough-sawn,Head casing,1,34.0,"2'-10""",
siding,1x4 rough-sawn,Head casing,1,25.5,"2'-1 1/2""",
siding,1x4 rough-sawn,Side casing,2,76.0,"6'-4""",
siding,1x4 rough-sawn,Side casing,2,27.5,"2'-3 1/2""",
siding,1x4 rough-sawn,Sill,1,27.0,"2'-3""",
removable_panel,1x10 rough-sawn,Siding board,10,18.25,"1'-6 1/4""",
removable_panel,1x3 rough-sawn,Batten,5,11.25,"11 1/4""",
removable_panel,1x4 rough-sawn,Panel rail,2,50.0,"4'-2""",
removable_panel,2x6 PT,Kick board,1,40.5,"3'-4 1/2""","rip to fit; part of the removable panel, closes the gap between the skids"
door,1x10 rough-sawn,Door board,3,75.25,"6'-3 1/4""",
door,1x6 rough-sawn,Z-brace diagonal,1,57.75,"4'-9 3/4""",
door,1x6 rough-sawn,Z-brace rail,2,24.5,"2'-1/2""",
